-- phpMyAdmin SQL Dump
-- version 4.5.1
-- http://www.phpmyadmin.net
--
-- Host: 127.0.0.1
-- Generation Time: Aug 09, 2019 at 06:00 AM
-- Server version: 10.1.19-MariaDB
-- PHP Version: 7.0.13

SET SQL_MODE = "NO_AUTO_VALUE_ON_ZERO";
SET time_zone = "+00:00";


/*!40101 SET @OLD_CHARACTER_SET_CLIENT=@@CHARACTER_SET_CLIENT */;
/*!40101 SET @OLD_CHARACTER_SET_RESULTS=@@CHARACTER_SET_RESULTS */;
/*!40101 SET @OLD_COLLATION_CONNECTION=@@COLLATION_CONNECTION */;
/*!40101 SET NAMES utf8mb4 */;

--
-- Database: `db_lcp`
--

-- --------------------------------------------------------

--
-- Table structure for table `carline`
--

CREATE TABLE `carline` (
  `id` int(11) NOT NULL,
  `id_district` int(11) NOT NULL,
  `nama_carline` varchar(100) NOT NULL,
  `status` int(11) NOT NULL
) ENGINE=InnoDB DEFAULT CHARSET=latin1;

--
-- Dumping data for table `carline`
--

INSERT INTO `carline` (`id`, `id_district`, `nama_carline`, `status`) VALUES
(31, 1, 'TOYOTA C-HR', 1),
(32, 1, 'TOYOTA PRADO', 1),
(33, 1, 'TOYOTA PORTE', 1),
(34, 1, 'MAZDA DEMIO', 1),
(35, 1, 'MAZDA CX-5', 1),
(36, 1, 'TOYOTA ACE', 1),
(37, 1, 'TOYOTA LEXUS,LC,LS', 1),
(38, 1, 'TOYOTA CROWN', 1),
(39, 1, 'TOYOTA ESTIMA', 1),
(40, 1, 'FJ CRUISER / RYU', 1),
(41, 1, 'TOYOTA ALPHARD', 1),
(42, 1, 'TOYOTA HIACE', 1),
(43, 1, 'TOYOTA AURIS, COROLLA FIELDER', 1),
(44, 1, 'TOYOTA AURIS', 1),
(45, 1, 'TOYOTA COROLLA', 1),
(46, 1, 'TOYOTA COROLLA FIELDER', 1);

-- --------------------------------------------------------

--
-- Table structure for table `carline_has_line`
--

CREATE TABLE `carline_has_line` (
  `id` int(11) NOT NULL,
  `id_carline` int(11) NOT NULL,
  `id_line` int(11) NOT NULL
) ENGINE=InnoDB DEFAULT CHARSET=latin1;

--
-- Dumping data for table `carline_has_line`
--

INSERT INTO `carline_has_line` (`id`, `id_carline`, `id_line`) VALUES
(142, 31, 7),
(143, 31, 8),
(144, 31, 9),
(145, 32, 10),
(146, 32, 11),
(147, 32, 12),
(148, 32, 13),
(149, 32, 14),
(150, 32, 9),
(151, 33, 2),
(152, 33, 9),
(153, 34, 15),
(154, 34, 16),
(155, 34, 5),
(156, 34, 9),
(157, 35, 6),
(158, 35, 17),
(159, 35, 18),
(160, 35, 19),
(161, 35, 9),
(162, 36, 20),
(163, 36, 9),
(164, 37, 21),
(165, 37, 22),
(166, 37, 9),
(167, 38, 23),
(168, 38, 24),
(169, 38, 9),
(170, 39, 25),
(171, 39, 26),
(172, 39, 9),
(173, 40, 27),
(174, 40, 9),
(175, 41, 28),
(176, 41, 29),
(177, 41, 30),
(178, 41, 9),
(179, 42, 31),
(180, 42, 32),
(181, 42, 33),
(182, 42, 34),
(183, 42, 35),
(184, 42, 9),
(185, 43, 36),
(186, 43, 9),
(187, 44, 37),
(188, 44, 9),
(189, 45, 38),
(190, 45, 39),
(191, 45, 40),
(192, 45, 9),
(193, 46, 41),
(194, 46, 9);

-- --------------------------------------------------------

--
-- Table structure for table `district`
--

CREATE TABLE `district` (
  `id` int(11) NOT NULL,
  `nama` varchar(10) NOT NULL
) ENGINE=InnoDB DEFAULT CHARSET=latin1;

--
-- Dumping data for table `district`
--

INSERT INTO `district` (`id`, `nama`) VALUES
(1, 'SAI T'),
(2, 'SAI B');

-- --------------------------------------------------------

--
-- Table structure for table `komposisi_mp`
--

CREATE TABLE `komposisi_mp` (
  `id` int(11) NOT NULL,
  `id_lcp` int(11) NOT NULL,
  `housing_bt` int(11) NOT NULL,
  `insert_plug` int(11) NOT NULL,
  `setting` int(11) NOT NULL,
  `taping` int(11) NOT NULL,
  `sp` int(11) NOT NULL,
  `offline` int(11) NOT NULL,
  `grommet` int(11) NOT NULL,
  `housing_ck` int(11) NOT NULL,
  `checker_gri` int(11) NOT NULL,
  `dimchecker_sig` int(11) NOT NULL,
  `vis` int(11) NOT NULL,
  `total` int(11) NOT NULL
) ENGINE=InnoDB DEFAULT CHARSET=latin1;

--
-- Dumping data for table `komposisi_mp`
--

INSERT INTO `komposisi_mp` (`id`, `id_lcp`, `housing_bt`, `insert_plug`, `setting`, `taping`, `sp`, `offline`, `grommet`, `housing_ck`, `checker_gri`, `dimchecker_sig`, `vis`, `total`) VALUES
(19, 1474, 4, 4, 4, 4, 4, 4, 4, 4, 4, 4, 4, 44),
(20, 1475, 5, 4, 0, 3, 4, 5, 2, 9, 2, 5, 5, 44),
(21, 1555, 3, 3, 3, 3, 3, 3, 3, 3, 3, 3, 3, 33),
(22, 1554, 5, 5, 5, 5, 5, 5, 5, 5, 5, 5, 5, 55);

-- --------------------------------------------------------

--
-- Table structure for table `line`
--

CREATE TABLE `line` (
  `id` int(11) NOT NULL,
  `nama_line` varchar(100) NOT NULL
) ENGINE=InnoDB DEFAULT CHARSET=latin1;

--
-- Dumping data for table `line`
--

INSERT INTO `line` (`id`, `nama_line`) VALUES
(1, '1A'),
(2, '2C'),
(3, '12A'),
(4, '12C'),
(5, '4A'),
(6, '4B'),
(7, '1C'),
(8, '2A'),
(9, 'PA'),
(10, '2A(140)'),
(11, '2A(185)'),
(12, '2A(223)'),
(13, '13A(154)'),
(14, 'JP4(507)'),
(15, '3B'),
(16, '3C-SBS'),
(17, '5B'),
(18, '5C'),
(19, '6C'),
(20, '5A'),
(21, '7C'),
(22, '9A'),
(23, '10A'),
(24, '10C'),
(25, 'JP-2'),
(26, '14B'),
(27, 'JP-3'),
(28, '11C'),
(29, '12B'),
(30, '13C'),
(31, '15A'),
(32, '15C'),
(33, '17C'),
(34, '18B'),
(35, '19A'),
(36, '19C'),
(37, '20B'),
(38, '23B'),
(39, '24B'),
(40, '25B'),
(41, '27B');

-- --------------------------------------------------------

--
-- Table structure for table `main_lcp`
--

CREATE TABLE `main_lcp` (
  `id` int(11) NOT NULL,
  `id_shift` int(11) NOT NULL,
  `id_carline_has_line` int(11) NOT NULL,
  `umh_shift` double NOT NULL DEFAULT '0',
  `order_monthly` double NOT NULL DEFAULT '0',
  `efficiency` double NOT NULL DEFAULT '0',
  `mp_dl` double NOT NULL DEFAULT '0',
  `mp_idl` double NOT NULL DEFAULT '0',
  `shift_qty` int(11) NOT NULL DEFAULT '0',
  `capacity` int(11) NOT NULL DEFAULT '0',
  `working_days` int(11) NOT NULL DEFAULT '0',
  `ot_hours` float NOT NULL DEFAULT '0',
  `ot_plan` double NOT NULL DEFAULT '0',
  `p_load` double NOT NULL DEFAULT '0',
  `exc_time` double NOT NULL DEFAULT '0',
  `tot_productivity` double NOT NULL DEFAULT '0',
  `balance` double NOT NULL DEFAULT '0',
  `mpbuffer` double NOT NULL,
  `downtime` double NOT NULL,
  `attendance` double NOT NULL,
  `tanggal` date NOT NULL
) ENGINE=InnoDB DEFAULT CHARSET=latin1;

--
-- Dumping data for table `main_lcp`
--

INSERT INTO `main_lcp` (`id`, `id_shift`, `id_carline_has_line`, `umh_shift`, `order_monthly`, `efficiency`, `mp_dl`, `mp_idl`, `shift_qty`, `capacity`, `working_days`, `ot_hours`, `ot_plan`, `p_load`, `exc_time`, `tot_productivity`, `balance`, `mpbuffer`, `downtime`, `attendance`, `tanggal`) VALUES
(1474, 1, 142, 5786.305600000001, 8916.8559415884, 97, 44, 55, 2, 0, 19, 2, 0, 0, 195.06666666666666, 0, 0, 20, 50, 30, '2019-08-01'),
(1475, 2, 142, 6587.679999999999, 8916.8559415884, 97, 44, 55, 2, 0, 19, 0, 0, 0, 195.06666666666666, 0, 0, 0, 0, 0, '2019-08-01'),
(1476, 1, 143, 0, 5457.2648145021, 0, 0, 0, 2, 0, 19, 0, 0, 0, 0, 0, 0, 0, 0, 0, '2019-08-01'),
(1477, 2, 143, 0, 5457.2648145021, 0, 0, 0, 2, 0, 19, 0, 0, 0, 0, 0, 0, 0, 0, 0, '2019-08-01'),
(1478, 1, 144, 0, 2456.9840041667, 0, 0, 0, 2, 0, 19, 0, 0, 0, 0, 0, 0, 0, 0, 0, '2019-08-01'),
(1479, 2, 144, 0, 2456.9840041667, 0, 0, 0, 2, 0, 19, 0, 0, 0, 0, 0, 0, 0, 0, 0, '2019-08-01'),
(1480, 1, 145, 0, 273.2814, 0, 0, 0, 1, 0, 19, 0, 0, 0, 0, 0, 0, 0, 0, 0, '2019-08-01'),
(1481, 1, 146, 0, 713.4285, 0, 0, 0, 2, 0, 19, 0, 0, 0, 0, 0, 0, 0, 0, 0, '2019-08-01'),
(1482, 2, 146, 0, 713.4285, 0, 0, 0, 2, 0, 19, 0, 0, 0, 0, 0, 0, 0, 0, 0, '2019-08-01'),
(1483, 1, 147, 0, 278.84315, 0, 0, 0, 2, 0, 19, 0, 0, 0, 0, 0, 0, 0, 0, 0, '2019-08-01'),
(1484, 2, 147, 0, 278.84315, 0, 0, 0, 2, 0, 19, 0, 0, 0, 0, 0, 0, 0, 0, 0, '2019-08-01'),
(1485, 1, 148, 0, 977.13374166667, 0, 0, 0, 2, 0, 19, 0, 0, 0, 0, 0, 0, 0, 0, 0, '2019-08-01'),
(1486, 2, 148, 0, 977.13374166667, 0, 0, 0, 2, 0, 19, 0, 0, 0, 0, 0, 0, 0, 0, 0, '2019-08-01'),
(1487, 1, 149, 0, 405.59173333333, 0, 0, 0, 1, 0, 19, 0, 0, 0, 0, 0, 0, 0, 0, 0, '2019-08-01'),
(1488, 1, 150, 0, 361.4268, 0, 0, 0, 2, 0, 19, 0, 0, 0, 0, 0, 0, 0, 0, 0, '2019-08-01'),
(1489, 2, 150, 0, 361.4268, 0, 0, 0, 2, 0, 19, 0, 0, 0, 0, 0, 0, 0, 0, 0, '2019-08-01'),
(1490, 1, 151, 0, 269.382208, 0, 0, 0, 1, 0, 19, 0, 0, 0, 0, 0, 0, 0, 0, 0, '2019-08-01'),
(1491, 1, 152, 0, 35.31936, 0, 0, 0, 1, 0, 19, 0, 0, 0, 0, 0, 0, 0, 0, 0, '2019-08-01'),
(1492, 1, 153, 0, 7421.0307352889, 0, 0, 0, 2, 0, 19, 0, 0, 0, 0, 0, 0, 0, 0, 0, '2019-08-01'),
(1493, 2, 153, 0, 7421.0307352889, 0, 0, 0, 2, 0, 19, 0, 0, 0, 0, 0, 0, 0, 0, 0, '2019-08-01'),
(1494, 1, 154, 0, 1005.8633394241, 0, 0, 0, 1, 0, 19, 0, 0, 0, 0, 0, 0, 0, 0, 0, '2019-08-01'),
(1495, 1, 155, 0, 5743.262889509, 0, 0, 0, 1, 0, 19, 0, 0, 0, 0, 0, 0, 0, 0, 0, '2019-08-01'),
(1496, 1, 156, 0, 3120.0668233333, 0, 0, 0, 2, 0, 19, 0, 0, 0, 0, 0, 0, 0, 0, 0, '2019-08-01'),
(1497, 2, 156, 0, 3120.0668233333, 0, 0, 0, 2, 0, 19, 0, 0, 0, 0, 0, 0, 0, 0, 0, '2019-08-01'),
(1498, 1, 157, 0, 5938.4236593754, 0, 0, 0, 2, 0, 19, 0, 0, 0, 0, 0, 0, 0, 0, 0, '2019-08-01'),
(1499, 2, 157, 0, 5938.4236593754, 0, 0, 0, 2, 0, 19, 0, 0, 0, 0, 0, 0, 0, 0, 0, '2019-08-01'),
(1500, 1, 158, 0, 9956.1274995283, 0, 0, 0, 2, 0, 19, 0, 0, 0, 0, 0, 0, 0, 0, 0, '2019-08-01'),
(1501, 2, 158, 0, 9956.1274995283, 0, 0, 0, 2, 0, 19, 0, 0, 0, 0, 0, 0, 0, 0, 0, '2019-08-01'),
(1502, 1, 159, 0, 10625.796765752, 0, 0, 0, 2, 0, 19, 0, 0, 0, 0, 0, 0, 0, 0, 0, '2019-08-01'),
(1503, 2, 159, 0, 10625.796765752, 0, 0, 0, 2, 0, 19, 0, 0, 0, 0, 0, 0, 0, 0, 0, '2019-08-01'),
(1504, 1, 160, 0, 7479.8396627062, 0, 0, 0, 1, 0, 19, 0, 0, 0, 0, 0, 0, 0, 0, 0, '2019-08-01'),
(1505, 1, 161, 0, 9363.6646582917, 0, 0, 0, 2, 0, 19, 0, 0, 0, 0, 0, 0, 0, 0, 0, '2019-08-01'),
(1506, 2, 161, 0, 9363.6646582917, 0, 0, 0, 2, 0, 19, 0, 0, 0, 0, 0, 0, 0, 0, 0, '2019-08-01'),
(1507, 1, 162, 0, 1284.8178558224, 0, 0, 0, 2, 0, 19, 0, 0, 0, 0, 0, 0, 0, 0, 0, '2019-08-01'),
(1508, 2, 162, 0, 1284.8178558224, 0, 0, 0, 2, 0, 19, 0, 0, 0, 0, 0, 0, 0, 0, 0, '2019-08-01'),
(1509, 1, 163, 0, 112.961575, 0, 0, 0, 2, 0, 19, 0, 0, 0, 0, 0, 0, 0, 0, 0, '2019-08-01'),
(1510, 2, 163, 0, 112.961575, 0, 0, 0, 2, 0, 19, 0, 0, 0, 0, 0, 0, 0, 0, 0, '2019-08-01'),
(1511, 1, 165, 0, 5032.0159162764, 0, 0, 0, 1, 0, 19, 0, 0, 0, 0, 0, 0, 0, 0, 0, '2019-08-01'),
(1512, 1, 166, 0, 748.667895, 0, 0, 0, 1, 0, 19, 0, 0, 0, 0, 0, 0, 0, 0, 0, '2019-08-01'),
(1513, 1, 167, 0, 4417.9005887669, 0, 0, 0, 2, 0, 19, 0, 0, 0, 0, 0, 0, 0, 0, 0, '2019-08-01'),
(1514, 2, 167, 0, 4417.9005887669, 0, 0, 0, 2, 0, 19, 0, 0, 0, 0, 0, 0, 0, 0, 0, '2019-08-01'),
(1515, 1, 169, 0, 1344.5063791667, 0, 0, 0, 2, 0, 19, 0, 0, 0, 0, 0, 0, 0, 0, 0, '2019-08-01'),
(1516, 2, 169, 0, 1344.5063791667, 0, 0, 0, 2, 0, 19, 0, 0, 0, 0, 0, 0, 0, 0, 0, '2019-08-01'),
(1517, 1, 170, 0, 3582.65731395, 0, 0, 0, 1, 0, 19, 0, 0, 0, 0, 0, 0, 0, 0, 0, '2019-08-01'),
(1518, 1, 171, 0, 3997.955488, 0, 0, 0, 1, 0, 19, 0, 0, 0, 0, 0, 0, 0, 0, 0, '2019-08-01'),
(1519, 1, 172, 0, 1285.6783833333, 0, 0, 0, 1, 0, 19, 0, 0, 0, 0, 0, 0, 0, 0, 0, '2019-08-01'),
(1520, 1, 173, 0, 979.17523714428, 0, 0, 0, 1, 0, 19, 0, 0, 0, 0, 0, 0, 0, 0, 0, '2019-08-01'),
(1521, 1, 174, 0, 121.27538333333, 0, 0, 0, 1, 0, 19, 0, 0, 0, 0, 0, 0, 0, 0, 0, '2019-08-01'),
(1522, 1, 175, 0, 7756.9288401393, 0, 0, 0, 2, 0, 19, 0, 0, 0, 0, 0, 0, 0, 0, 0, '2019-08-01'),
(1523, 2, 175, 0, 7756.9288401393, 0, 0, 0, 2, 0, 19, 0, 0, 0, 0, 0, 0, 0, 0, 0, '2019-08-01'),
(1524, 1, 176, 0, 7470.7850837009, 0, 0, 0, 2, 0, 19, 0, 0, 0, 0, 0, 0, 0, 0, 0, '2019-08-01'),
(1525, 2, 176, 0, 7470.7850837009, 0, 0, 0, 2, 0, 19, 0, 0, 0, 0, 0, 0, 0, 0, 0, '2019-08-01'),
(1526, 1, 177, 0, 9098.8675701995, 0, 0, 0, 2, 0, 19, 0, 0, 0, 0, 0, 0, 0, 0, 0, '2019-08-01'),
(1527, 2, 177, 0, 9098.8675701995, 0, 0, 0, 2, 0, 19, 0, 0, 0, 0, 0, 0, 0, 0, 0, '2019-08-01'),
(1528, 1, 178, 0, 5253.1611683333, 0, 0, 0, 2, 0, 19, 0, 0, 0, 0, 0, 0, 0, 0, 0, '2019-08-01'),
(1529, 2, 178, 0, 5253.1611683333, 0, 0, 0, 2, 0, 19, 0, 0, 0, 0, 0, 0, 0, 0, 0, '2019-08-01'),
(1530, 1, 179, 0, 4891.7438264638, 0, 0, 0, 1, 0, 19, 0, 0, 0, 0, 0, 0, 0, 0, 0, '2019-08-01'),
(1531, 1, 180, 0, 6533.3553158177, 0, 0, 0, 2, 0, 19, 0, 0, 0, 0, 0, 0, 0, 0, 0, '2019-08-01'),
(1532, 2, 180, 0, 6533.3553158177, 0, 0, 0, 2, 0, 19, 0, 0, 0, 0, 0, 0, 0, 0, 0, '2019-08-01'),
(1533, 1, 182, 0, 5225.2849546642, 0, 0, 0, 2, 0, 19, 0, 0, 0, 0, 0, 0, 0, 0, 0, '2019-08-01'),
(1534, 2, 182, 0, 5225.2849546642, 0, 0, 0, 2, 0, 19, 0, 0, 0, 0, 0, 0, 0, 0, 0, '2019-08-01'),
(1535, 1, 183, 0, 1814.3493251616, 0, 0, 0, 2, 0, 19, 0, 0, 0, 0, 0, 0, 0, 0, 0, '2019-08-01'),
(1536, 2, 183, 0, 1814.3493251616, 0, 0, 0, 2, 0, 19, 0, 0, 0, 0, 0, 0, 0, 0, 0, '2019-08-01'),
(1537, 1, 184, 0, 3991.1637516667, 0, 0, 0, 2, 0, 19, 0, 0, 0, 0, 0, 0, 0, 0, 0, '2019-08-01'),
(1538, 2, 184, 0, 3991.1637516667, 0, 0, 0, 2, 0, 19, 0, 0, 0, 0, 0, 0, 0, 0, 0, '2019-08-01'),
(1539, 1, 185, 0, 10749.438170903, 0, 0, 0, 2, 0, 19, 0, 0, 0, 0, 0, 0, 0, 0, 0, '2019-08-01'),
(1540, 2, 185, 0, 10749.438170903, 0, 0, 0, 2, 0, 19, 0, 0, 0, 0, 0, 0, 0, 0, 0, '2019-08-01'),
(1541, 1, 187, 0, 5772.4407777964, 0, 0, 0, 2, 0, 19, 0, 0, 0, 0, 0, 0, 0, 0, 0, '2019-08-01'),
(1542, 2, 187, 0, 5772.4407777964, 0, 0, 0, 2, 0, 19, 0, 0, 0, 0, 0, 0, 0, 0, 0, '2019-08-01'),
(1543, 1, 188, 0, 2786.0064333333, 0, 0, 0, 2, 0, 19, 0, 0, 0, 0, 0, 0, 0, 0, 0, '2019-08-01'),
(1544, 2, 188, 0, 2786.0064333333, 0, 0, 0, 2, 0, 19, 0, 0, 0, 0, 0, 0, 0, 0, 0, '2019-08-01'),
(1545, 1, 189, 0, 14271.869336735, 0, 0, 0, 2, 0, 19, 0, 0, 0, 0, 0, 0, 0, 0, 0, '2019-08-01'),
(1546, 2, 189, 0, 14271.869336735, 0, 0, 0, 2, 0, 19, 0, 0, 0, 0, 0, 0, 0, 0, 0, '2019-08-01'),
(1547, 1, 190, 0, 7602.262893236, 0, 0, 0, 1, 0, 19, 0, 0, 0, 0, 0, 0, 0, 0, 0, '2019-08-01'),
(1548, 1, 191, 0, 8320.2032406456, 0, 0, 0, 2, 0, 19, 0, 0, 0, 0, 0, 0, 0, 0, 0, '2019-08-01'),
(1549, 2, 191, 0, 8320.2032406456, 0, 0, 0, 2, 0, 19, 0, 0, 0, 0, 0, 0, 0, 0, 0, '2019-08-01'),
(1550, 1, 192, 0, 6612.3128933333, 0, 0, 0, 2, 0, 19, 0, 0, 0, 0, 0, 0, 0, 0, 0, '2019-08-01'),
(1551, 2, 192, 0, 6612.3128933333, 0, 0, 0, 2, 0, 19, 0, 0, 0, 0, 0, 0, 0, 0, 0, '2019-08-01'),
(1552, 1, 193, 0, 8740.4285412385, 0, 0, 0, 2, 0, 19, 0, 0, 0, 0, 0, 0, 0, 0, 0, '2019-08-01'),
(1553, 2, 193, 0, 8740.4285412385, 0, 0, 0, 2, 0, 19, 0, 0, 0, 0, 0, 0, 0, 0, 0, '2019-08-01'),
(1554, 1, 142, 30006.079999999998, 8071.245944, 97, 55, 0, 2, 0, 20, 20, 0, 0, 256.6666666666667, 0, 0, 20, 20, 21, '2019-09-01'),
(1555, 2, 142, 5200.8, 8071.245944, 0, 33, 0, 2, 0, 20, 0, 0, 0, 154, 0, 0, 0, 0, 0, '2019-09-01'),
(1556, 1, 143, 0, 7212.7958715, 0, 0, 0, 2, 0, 20, 0, 0, 0, 0, 0, 0, 0, 0, 0, '2019-09-01'),
(1557, 2, 143, 0, 7212.7958715, 0, 0, 0, 2, 0, 20, 0, 0, 0, 0, 0, 0, 0, 0, 0, '2019-09-01'),
(1558, 1, 144, 0, 2666.84863, 0, 0, 0, 2, 0, 20, 0, 0, 0, 0, 0, 0, 0, 0, 0, '2019-09-01'),
(1559, 2, 144, 0, 2666.84863, 0, 0, 0, 2, 0, 20, 0, 0, 0, 0, 0, 0, 0, 0, 0, '2019-09-01'),
(1560, 1, 145, 0, 322.45885, 0, 0, 0, 1, 0, 20, 0, 0, 0, 0, 0, 0, 0, 0, 0, '2019-09-01'),
(1561, 1, 146, 0, 612.83146666667, 0, 0, 0, 2, 0, 20, 0, 0, 0, 0, 0, 0, 0, 0, 0, '2019-09-01'),
(1562, 2, 146, 0, 612.83146666667, 0, 0, 0, 2, 0, 20, 0, 0, 0, 0, 0, 0, 0, 0, 0, '2019-09-01'),
(1563, 1, 147, 0, 326.85579583333, 0, 0, 0, 2, 0, 20, 0, 0, 0, 0, 0, 0, 0, 0, 0, '2019-09-01'),
(1564, 2, 147, 0, 326.85579583333, 0, 0, 0, 2, 0, 20, 0, 0, 0, 0, 0, 0, 0, 0, 0, '2019-09-01'),
(1565, 1, 148, 0, 1181.805775, 0, 0, 0, 2, 0, 20, 0, 0, 0, 0, 0, 0, 0, 0, 0, '2019-09-01'),
(1566, 2, 148, 0, 1181.805775, 0, 0, 0, 2, 0, 20, 0, 0, 0, 0, 0, 0, 0, 0, 0, '2019-09-01'),
(1567, 1, 149, 0, 908.71226833333, 0, 0, 0, 1, 0, 20, 0, 0, 0, 0, 0, 0, 0, 0, 0, '2019-09-01'),
(1568, 1, 150, 0, 353.17788083333, 0, 0, 0, 2, 0, 20, 0, 0, 0, 0, 0, 0, 0, 0, 0, '2019-09-01'),
(1569, 2, 150, 0, 353.17788083333, 0, 0, 0, 2, 0, 20, 0, 0, 0, 0, 0, 0, 0, 0, 0, '2019-09-01'),
(1570, 1, 151, 0, 232.136196, 0, 0, 0, 1, 0, 20, 0, 0, 0, 0, 0, 0, 0, 0, 0, '2019-09-01'),
(1571, 1, 152, 0, 30.54288, 0, 0, 0, 1, 0, 20, 0, 0, 0, 0, 0, 0, 0, 0, 0, '2019-09-01'),
(1572, 1, 153, 0, 6550.6238343812, 0, 0, 0, 2, 0, 20, 0, 0, 0, 0, 0, 0, 0, 0, 0, '2019-09-01'),
(1573, 2, 153, 0, 6550.6238343812, 0, 0, 0, 2, 0, 20, 0, 0, 0, 0, 0, 0, 0, 0, 0, '2019-09-01'),
(1574, 1, 154, 0, 1066.0079116822, 0, 0, 0, 1, 0, 20, 0, 0, 0, 0, 0, 0, 0, 0, 0, '2019-09-01'),
(1575, 1, 155, 0, 7755.328338, 0, 0, 0, 1, 0, 20, 0, 0, 0, 0, 0, 0, 0, 0, 0, '2019-09-01'),
(1576, 1, 156, 0, 3162.0558241667, 0, 0, 0, 2, 0, 20, 0, 0, 0, 0, 0, 0, 0, 0, 0, '2019-09-01'),
(1577, 2, 156, 0, 3162.0558241667, 0, 0, 0, 2, 0, 20, 0, 0, 0, 0, 0, 0, 0, 0, 0, '2019-09-01'),
(1578, 1, 157, 0, 7825.8193910494, 0, 0, 0, 2, 0, 20, 0, 0, 0, 0, 0, 0, 0, 0, 0, '2019-09-01'),
(1579, 2, 157, 0, 7825.8193910494, 0, 0, 0, 2, 0, 20, 0, 0, 0, 0, 0, 0, 0, 0, 0, '2019-09-01'),
(1580, 1, 158, 0, 13615.778185125, 0, 0, 0, 2, 0, 20, 0, 0, 0, 0, 0, 0, 0, 0, 0, '2019-09-01'),
(1581, 2, 158, 0, 13615.778185125, 0, 0, 0, 2, 0, 20, 0, 0, 0, 0, 0, 0, 0, 0, 0, '2019-09-01'),
(1582, 1, 159, 0, 14170.369142513, 0, 0, 0, 2, 0, 20, 0, 0, 0, 0, 0, 0, 0, 0, 0, '2019-09-01'),
(1583, 2, 159, 0, 14170.369142513, 0, 0, 0, 2, 0, 20, 0, 0, 0, 0, 0, 0, 0, 0, 0, '2019-09-01'),
(1584, 1, 160, 0, 10497.004730833, 0, 0, 0, 1, 0, 20, 0, 0, 0, 0, 0, 0, 0, 0, 0, '2019-09-01'),
(1585, 1, 161, 0, 14389.459057833, 0, 0, 0, 2, 0, 20, 0, 0, 0, 0, 0, 0, 0, 0, 0, '2019-09-01'),
(1586, 2, 161, 0, 14389.459057833, 0, 0, 0, 2, 0, 20, 0, 0, 0, 0, 0, 0, 0, 0, 0, '2019-09-01'),
(1587, 1, 162, 0, 1366.1246715003, 0, 0, 0, 2, 0, 20, 0, 0, 0, 0, 0, 0, 0, 0, 0, '2019-09-01'),
(1588, 2, 162, 0, 1366.1246715003, 0, 0, 0, 2, 0, 20, 0, 0, 0, 0, 0, 0, 0, 0, 0, '2019-09-01'),
(1589, 1, 163, 0, 121.87456, 0, 0, 0, 2, 0, 20, 0, 0, 0, 0, 0, 0, 0, 0, 0, '2019-09-01'),
(1590, 2, 163, 0, 121.87456, 0, 0, 0, 2, 0, 20, 0, 0, 0, 0, 0, 0, 0, 0, 0, '2019-09-01'),
(1591, 1, 165, 0, 4883.7082498152, 0, 0, 0, 1, 0, 20, 0, 0, 0, 0, 0, 0, 0, 0, 0, '2019-09-01'),
(1592, 1, 166, 0, 733.47624666667, 0, 0, 0, 1, 0, 20, 0, 0, 0, 0, 0, 0, 0, 0, 0, '2019-09-01'),
(1593, 1, 167, 0, 4067.9294927869, 0, 0, 0, 2, 0, 20, 0, 0, 0, 0, 0, 0, 0, 0, 0, '2019-09-01'),
(1594, 2, 167, 0, 4067.9294927869, 0, 0, 0, 2, 0, 20, 0, 0, 0, 0, 0, 0, 0, 0, 0, '2019-09-01'),
(1595, 1, 169, 0, 1242.4079166667, 0, 0, 0, 2, 0, 20, 0, 0, 0, 0, 0, 0, 0, 0, 0, '2019-09-01'),
(1596, 2, 169, 0, 1242.4079166667, 0, 0, 0, 2, 0, 20, 0, 0, 0, 0, 0, 0, 0, 0, 0, '2019-09-01'),
(1597, 1, 170, 0, 1378.2589528333, 0, 0, 0, 1, 0, 20, 0, 0, 0, 0, 0, 0, 0, 0, 0, '2019-09-01'),
(1598, 1, 171, 0, 2001.538186, 0, 0, 0, 1, 0, 20, 0, 0, 0, 0, 0, 0, 0, 0, 0, '2019-09-01'),
(1599, 1, 172, 0, 610.16350166667, 0, 0, 0, 1, 0, 20, 0, 0, 0, 0, 0, 0, 0, 0, 0, '2019-09-01'),
(1600, 1, 173, 0, 998.6014306715, 0, 0, 0, 1, 0, 20, 0, 0, 0, 0, 0, 0, 0, 0, 0, '2019-09-01'),
(1601, 1, 174, 0, 121.27538333333, 0, 0, 0, 1, 0, 20, 0, 0, 0, 0, 0, 0, 0, 0, 0, '2019-09-01'),
(1602, 1, 175, 0, 8618.6401333333, 0, 0, 0, 2, 0, 20, 0, 0, 0, 0, 0, 0, 0, 0, 0, '2019-09-01'),
(1603, 2, 175, 0, 8618.6401333333, 0, 0, 0, 2, 0, 20, 0, 0, 0, 0, 0, 0, 0, 0, 0, '2019-09-01'),
(1604, 1, 176, 0, 8322.7075706667, 0, 0, 0, 2, 0, 20, 0, 0, 0, 0, 0, 0, 0, 0, 0, '2019-09-01'),
(1605, 2, 176, 0, 8322.7075706667, 0, 0, 0, 2, 0, 20, 0, 0, 0, 0, 0, 0, 0, 0, 0, '2019-09-01'),
(1606, 1, 177, 0, 8999.6361519352, 0, 0, 0, 2, 0, 20, 0, 0, 0, 0, 0, 0, 0, 0, 0, '2019-09-01'),
(1607, 2, 177, 0, 8999.6361519352, 0, 0, 0, 2, 0, 20, 0, 0, 0, 0, 0, 0, 0, 0, 0, '2019-09-01'),
(1608, 1, 178, 0, 6009.9916775, 0, 0, 0, 2, 0, 20, 0, 0, 0, 0, 0, 0, 0, 0, 0, '2019-09-01'),
(1609, 2, 178, 0, 6009.9916775, 0, 0, 0, 2, 0, 20, 0, 0, 0, 0, 0, 0, 0, 0, 0, '2019-09-01'),
(1610, 1, 179, 0, 4094.4275542371, 0, 0, 0, 1, 0, 20, 0, 0, 0, 0, 0, 0, 0, 0, 0, '2019-09-01'),
(1611, 1, 180, 0, 9082.4095922119, 0, 0, 0, 2, 0, 20, 0, 0, 0, 0, 0, 0, 0, 0, 0, '2019-09-01'),
(1612, 2, 180, 0, 9082.4095922119, 0, 0, 0, 2, 0, 20, 0, 0, 0, 0, 0, 0, 0, 0, 0, '2019-09-01'),
(1613, 1, 182, 0, 4796.8023503333, 0, 0, 0, 2, 0, 20, 0, 0, 0, 0, 0, 0, 0, 0, 0, '2019-09-01'),
(1614, 2, 182, 0, 4796.8023503333, 0, 0, 0, 2, 0, 20, 0, 0, 0, 0, 0, 0, 0, 0, 0, '2019-09-01'),
(1615, 1, 183, 0, 2323.898607, 0, 0, 0, 2, 0, 20, 0, 0, 0, 0, 0, 0, 0, 0, 0, '2019-09-01'),
(1616, 2, 183, 0, 2323.898607, 0, 0, 0, 2, 0, 20, 0, 0, 0, 0, 0, 0, 0, 0, 0, '2019-09-01'),
(1617, 1, 184, 0, 4350.581465, 0, 0, 0, 2, 0, 20, 0, 0, 0, 0, 0, 0, 0, 0, 0, '2019-09-01'),
(1618, 2, 184, 0, 4350.581465, 0, 0, 0, 2, 0, 20, 0, 0, 0, 0, 0, 0, 0, 0, 0, '2019-09-01'),
(1619, 1, 185, 0, 10040.8289, 0, 0, 0, 2, 0, 20, 0, 0, 0, 0, 0, 0, 0, 0, 0, '2019-09-01'),
(1620, 2, 185, 0, 10040.8289, 0, 0, 0, 2, 0, 20, 0, 0, 0, 0, 0, 0, 0, 0, 0, '2019-09-01'),
(1621, 1, 187, 0, 7088.1112333333, 0, 0, 0, 2, 0, 20, 0, 0, 0, 0, 0, 0, 0, 0, 0, '2019-09-01'),
(1622, 2, 187, 0, 7088.1112333333, 0, 0, 0, 2, 0, 20, 0, 0, 0, 0, 0, 0, 0, 0, 0, '2019-09-01'),
(1623, 1, 188, 0, 2686.4455333333, 0, 0, 0, 2, 0, 20, 0, 0, 0, 0, 0, 0, 0, 0, 0, '2019-09-01'),
(1624, 2, 188, 0, 2686.4455333333, 0, 0, 0, 2, 0, 20, 0, 0, 0, 0, 0, 0, 0, 0, 0, '2019-09-01'),
(1625, 1, 189, 0, 9836.8192226359, 0, 0, 0, 2, 0, 20, 0, 0, 0, 0, 0, 0, 0, 0, 0, '2019-09-01'),
(1626, 2, 189, 0, 9836.8192226359, 0, 0, 0, 2, 0, 20, 0, 0, 0, 0, 0, 0, 0, 0, 0, '2019-09-01'),
(1627, 1, 190, 0, 3634.7734070909, 0, 0, 0, 1, 0, 20, 0, 0, 0, 0, 0, 0, 0, 0, 0, '2019-09-01'),
(1628, 1, 191, 0, 5161.8374724566, 0, 0, 0, 2, 0, 20, 0, 0, 0, 0, 0, 0, 0, 0, 0, '2019-09-01'),
(1629, 2, 191, 0, 5161.8374724566, 0, 0, 0, 2, 0, 20, 0, 0, 0, 0, 0, 0, 0, 0, 0, '2019-09-01'),
(1630, 1, 192, 0, 4208.1762608333, 0, 0, 0, 2, 0, 20, 0, 0, 0, 0, 0, 0, 0, 0, 0, '2019-09-01'),
(1631, 2, 192, 0, 4208.1762608333, 0, 0, 0, 2, 0, 20, 0, 0, 0, 0, 0, 0, 0, 0, 0, '2019-09-01'),
(1632, 1, 193, 0, 10422.75232, 0, 0, 0, 2, 0, 20, 0, 0, 0, 0, 0, 0, 0, 0, 0, '2019-09-01'),
(1633, 2, 193, 0, 10422.75232, 0, 0, 0, 2, 0, 20, 0, 0, 0, 0, 0, 0, 0, 0, 0, '2019-09-01'),
(1634, 1, 142, 0, 9251.4141195, 0, 0, 0, 2, 0, 25, 0, 0, 0, 0, 0, 0, 0, 0, 0, '2019-10-01'),
(1635, 2, 142, 0, 9251.4141195, 0, 0, 0, 2, 0, 25, 0, 0, 0, 0, 0, 0, 0, 0, 0, '2019-10-01'),
(1636, 1, 143, 0, 10919.73409753, 0, 0, 0, 2, 0, 25, 0, 0, 0, 0, 0, 0, 0, 0, 0, '2019-10-01'),
(1637, 2, 143, 0, 10919.73409753, 0, 0, 0, 2, 0, 25, 0, 0, 0, 0, 0, 0, 0, 0, 0, '2019-10-01'),
(1638, 1, 144, 0, 3406.0363383333, 0, 0, 0, 2, 0, 25, 0, 0, 0, 0, 0, 0, 0, 0, 0, '2019-10-01'),
(1639, 2, 144, 0, 3406.0363383333, 0, 0, 0, 2, 0, 25, 0, 0, 0, 0, 0, 0, 0, 0, 0, '2019-10-01'),
(1640, 1, 145, 0, 322.45885, 0, 0, 0, 1, 0, 25, 0, 0, 0, 0, 0, 0, 0, 0, 0, '2019-10-01'),
(1641, 1, 146, 0, 594.90483333333, 0, 0, 0, 2, 0, 25, 0, 0, 0, 0, 0, 0, 0, 0, 0, '2019-10-01'),
(1642, 2, 146, 0, 594.90483333333, 0, 0, 0, 2, 0, 25, 0, 0, 0, 0, 0, 0, 0, 0, 0, '2019-10-01'),
(1643, 1, 147, 0, 358.51665, 0, 0, 0, 2, 0, 25, 0, 0, 0, 0, 0, 0, 0, 0, 0, '2019-10-01'),
(1644, 2, 147, 0, 358.51665, 0, 0, 0, 2, 0, 25, 0, 0, 0, 0, 0, 0, 0, 0, 0, '2019-10-01'),
(1645, 1, 148, 0, 1399.5415489501, 0, 0, 0, 2, 0, 25, 0, 0, 0, 0, 0, 0, 0, 0, 0, '2019-10-01'),
(1646, 2, 148, 0, 1399.5415489501, 0, 0, 0, 2, 0, 25, 0, 0, 0, 0, 0, 0, 0, 0, 0, '2019-10-01'),
(1647, 1, 149, 0, 1252.79815, 0, 0, 0, 1, 0, 25, 0, 0, 0, 0, 0, 0, 0, 0, 0, '2019-10-01'),
(1648, 1, 150, 0, 385.34323333333, 0, 0, 0, 2, 0, 25, 0, 0, 0, 0, 0, 0, 0, 0, 0, '2019-10-01'),
(1649, 2, 150, 0, 385.34323333333, 0, 0, 0, 2, 0, 25, 0, 0, 0, 0, 0, 0, 0, 0, 0, '2019-10-01'),
(1650, 1, 151, 0, 259.378744, 0, 0, 0, 1, 0, 25, 0, 0, 0, 0, 0, 0, 0, 0, 0, '2019-10-01'),
(1651, 1, 152, 0, 34.21032, 0, 0, 0, 1, 0, 25, 0, 0, 0, 0, 0, 0, 0, 0, 0, '2019-10-01'),
(1652, 1, 153, 0, 7872.8224599986, 0, 0, 0, 2, 0, 25, 0, 0, 0, 0, 0, 0, 0, 0, 0, '2019-10-01'),
(1653, 2, 153, 0, 7872.8224599986, 0, 0, 0, 2, 0, 25, 0, 0, 0, 0, 0, 0, 0, 0, 0, '2019-10-01'),
(1654, 1, 154, 0, 1076.45356, 0, 0, 0, 1, 0, 25, 0, 0, 0, 0, 0, 0, 0, 0, 0, '2019-10-01'),
(1655, 1, 155, 0, 8670.5279043333, 0, 0, 0, 1, 0, 25, 0, 0, 0, 0, 0, 0, 0, 0, 0, '2019-10-01'),
(1656, 1, 156, 0, 3587.3504716667, 0, 0, 0, 2, 0, 25, 0, 0, 0, 0, 0, 0, 0, 0, 0, '2019-10-01'),
(1657, 2, 156, 0, 3587.3504716667, 0, 0, 0, 2, 0, 25, 0, 0, 0, 0, 0, 0, 0, 0, 0, '2019-10-01'),
(1658, 1, 157, 0, 10267.676791931, 0, 0, 0, 2, 0, 25, 0, 0, 0, 0, 0, 0, 0, 0, 0, '2019-10-01'),
(1659, 2, 157, 0, 10267.676791931, 0, 0, 0, 2, 0, 25, 0, 0, 0, 0, 0, 0, 0, 0, 0, '2019-10-01'),
(1660, 1, 158, 0, 16639.9569355, 0, 0, 0, 2, 0, 25, 0, 0, 0, 0, 0, 0, 0, 0, 0, '2019-10-01'),
(1661, 2, 158, 0, 16639.9569355, 0, 0, 0, 2, 0, 25, 0, 0, 0, 0, 0, 0, 0, 0, 0, '2019-10-01'),
(1662, 1, 159, 0, 16736.581362833, 0, 0, 0, 2, 0, 25, 0, 0, 0, 0, 0, 0, 0, 0, 0, '2019-10-01'),
(1663, 2, 159, 0, 16736.581362833, 0, 0, 0, 2, 0, 25, 0, 0, 0, 0, 0, 0, 0, 0, 0, '2019-10-01'),
(1664, 1, 160, 0, 14726.2747, 0, 0, 0, 1, 0, 25, 0, 0, 0, 0, 0, 0, 0, 0, 0, '2019-10-01'),
(1665, 1, 161, 0, 17628.570440833, 0, 0, 0, 2, 0, 25, 0, 0, 0, 0, 0, 0, 0, 0, 0, '2019-10-01'),
(1666, 2, 161, 0, 17628.570440833, 0, 0, 0, 2, 0, 25, 0, 0, 0, 0, 0, 0, 0, 0, 0, '2019-10-01'),
(1667, 1, 165, 0, 5889.2745391667, 0, 0, 0, 1, 0, 25, 0, 0, 0, 0, 0, 0, 0, 0, 0, '2019-10-01'),
(1668, 1, 166, 0, 809.61342333333, 0, 0, 0, 1, 0, 25, 0, 0, 0, 0, 0, 0, 0, 0, 0, '2019-10-01'),
(1669, 1, 167, 0, 4663.8010191809, 0, 0, 0, 2, 0, 25, 0, 0, 0, 0, 0, 0, 0, 0, 0, '2019-10-01'),
(1670, 2, 167, 0, 4663.8010191809, 0, 0, 0, 2, 0, 25, 0, 0, 0, 0, 0, 0, 0, 0, 0, '2019-10-01'),
(1671, 1, 169, 0, 1389.146615, 0, 0, 0, 2, 0, 25, 0, 0, 0, 0, 0, 0, 0, 0, 0, '2019-10-01'),
(1672, 2, 169, 0, 1389.146615, 0, 0, 0, 2, 0, 25, 0, 0, 0, 0, 0, 0, 0, 0, 0, '2019-10-01'),
(1673, 1, 173, 0, 1110.3741032453, 0, 0, 0, 1, 0, 25, 0, 0, 0, 0, 0, 0, 0, 0, 0, '2019-10-01'),
(1674, 1, 174, 0, 130.88112666667, 0, 0, 0, 1, 0, 25, 0, 0, 0, 0, 0, 0, 0, 0, 0, '2019-10-01'),
(1675, 1, 175, 0, 10709.591298333, 0, 0, 0, 2, 0, 25, 0, 0, 0, 0, 0, 0, 0, 0, 0, '2019-10-01'),
(1676, 2, 175, 0, 10709.591298333, 0, 0, 0, 2, 0, 25, 0, 0, 0, 0, 0, 0, 0, 0, 0, '2019-10-01'),
(1677, 1, 176, 0, 10429.538004667, 0, 0, 0, 2, 0, 25, 0, 0, 0, 0, 0, 0, 0, 0, 0, '2019-10-01'),
(1678, 2, 176, 0, 10429.538004667, 0, 0, 0, 2, 0, 25, 0, 0, 0, 0, 0, 0, 0, 0, 0, '2019-10-01'),
(1679, 1, 177, 0, 12050.023306, 0, 0, 0, 2, 0, 25, 0, 0, 0, 0, 0, 0, 0, 0, 0, '2019-10-01'),
(1680, 2, 177, 0, 12050.023306, 0, 0, 0, 2, 0, 25, 0, 0, 0, 0, 0, 0, 0, 0, 0, '2019-10-01'),
(1681, 1, 178, 0, 7459.2188925, 0, 0, 0, 2, 0, 25, 0, 0, 0, 0, 0, 0, 0, 0, 0, '2019-10-01'),
(1682, 2, 178, 0, 7459.2188925, 0, 0, 0, 2, 0, 25, 0, 0, 0, 0, 0, 0, 0, 0, 0, '2019-10-01'),
(1683, 1, 179, 0, 3881.261192, 0, 0, 0, 1, 0, 25, 0, 0, 0, 0, 0, 0, 0, 0, 0, '2019-10-01'),
(1684, 1, 180, 0, 8807.20138, 0, 0, 0, 2, 0, 25, 0, 0, 0, 0, 0, 0, 0, 0, 0, '2019-10-01'),
(1685, 2, 180, 0, 8807.20138, 0, 0, 0, 2, 0, 25, 0, 0, 0, 0, 0, 0, 0, 0, 0, '2019-10-01'),
(1686, 1, 182, 0, 6714.1851646667, 0, 0, 0, 2, 0, 25, 0, 0, 0, 0, 0, 0, 0, 0, 0, '2019-10-01'),
(1687, 2, 182, 0, 6714.1851646667, 0, 0, 0, 2, 0, 25, 0, 0, 0, 0, 0, 0, 0, 0, 0, '2019-10-01'),
(1688, 1, 183, 0, 2930.565684, 0, 0, 0, 2, 0, 25, 0, 0, 0, 0, 0, 0, 0, 0, 0, '2019-10-01'),
(1689, 2, 183, 0, 2930.565684, 0, 0, 0, 2, 0, 25, 0, 0, 0, 0, 0, 0, 0, 0, 0, '2019-10-01'),
(1690, 1, 184, 0, 5031.221265, 0, 0, 0, 2, 0, 25, 0, 0, 0, 0, 0, 0, 0, 0, 0, '2019-10-01'),
(1691, 2, 184, 0, 5031.221265, 0, 0, 0, 2, 0, 25, 0, 0, 0, 0, 0, 0, 0, 0, 0, '2019-10-01'),
(1692, 1, 185, 0, 12898.47434, 0, 0, 0, 2, 0, 25, 0, 0, 0, 0, 0, 0, 0, 0, 0, '2019-10-01'),
(1693, 2, 185, 0, 12898.47434, 0, 0, 0, 2, 0, 25, 0, 0, 0, 0, 0, 0, 0, 0, 0, '2019-10-01'),
(1694, 1, 187, 0, 10098.293046667, 0, 0, 0, 2, 0, 25, 0, 0, 0, 0, 0, 0, 0, 0, 0, '2019-10-01'),
(1695, 2, 187, 0, 10098.293046667, 0, 0, 0, 2, 0, 25, 0, 0, 0, 0, 0, 0, 0, 0, 0, '2019-10-01'),
(1696, 1, 188, 0, 3261.3027866667, 0, 0, 0, 2, 0, 25, 0, 0, 0, 0, 0, 0, 0, 0, 0, '2019-10-01'),
(1697, 2, 188, 0, 3261.3027866667, 0, 0, 0, 2, 0, 25, 0, 0, 0, 0, 0, 0, 0, 0, 0, '2019-10-01'),
(1698, 1, 189, 0, 11632.0006, 0, 0, 0, 2, 0, 25, 0, 0, 0, 0, 0, 0, 0, 0, 0, '2019-10-01'),
(1699, 2, 189, 0, 11632.0006, 0, 0, 0, 2, 0, 25, 0, 0, 0, 0, 0, 0, 0, 0, 0, '2019-10-01'),
(1700, 1, 190, 0, 4124.40746, 0, 0, 0, 1, 0, 25, 0, 0, 0, 0, 0, 0, 0, 0, 0, '2019-10-01'),
(1701, 1, 191, 0, 7179.8349895761, 0, 0, 0, 2, 0, 25, 0, 0, 0, 0, 0, 0, 0, 0, 0, '2019-10-01'),
(1702, 2, 191, 0, 7179.8349895761, 0, 0, 0, 2, 0, 25, 0, 0, 0, 0, 0, 0, 0, 0, 0, '2019-10-01'),
(1703, 1, 192, 0, 5209.84836, 0, 0, 0, 2, 0, 25, 0, 0, 0, 0, 0, 0, 0, 0, 0, '2019-10-01'),
(1704, 2, 192, 0, 5209.84836, 0, 0, 0, 2, 0, 25, 0, 0, 0, 0, 0, 0, 0, 0, 0, '2019-10-01'),
(1705, 1, 193, 0, 12651.815026667, 0, 0, 0, 2, 0, 25, 0, 0, 0, 0, 0, 0, 0, 0, 0, '2019-10-01'),
(1706, 2, 193, 0, 12651.815026667, 0, 0, 0, 2, 0, 25, 0, 0, 0, 0, 0, 0, 0, 0, 0, '2019-10-01'),
(1707, 1, 142, 0, 0, 0, 0, 0, 0, 0, 0, 0, 0, 0, 195.06666666666666, 0, 0, 0, 0, 0, '0000-00-00'),
(1708, 1, 142, 4491.6, 0, 0, 0, 0, 0, 0, 0, 0, 0, 0, 0, 0, 0, 0, 0, 0, '0000-00-00'),
(1709, 1, 142, 0, 0, 0, 0, 0, 0, 0, 0, 0, 0, 0, 195.06666666666666, 0, 0, 0, 0, 0, '0000-00-00'),
(1710, 1, 142, 2994.4, 0, 0, 0, 0, 0, 0, 0, 0, 0, 0, 0, 0, 0, 0, 0, 0, '0000-00-00'),
(1711, 1, 142, 0, 0, 0, 0, 0, 0, 0, 0, 0, 0, 0, 195.06666666666666, 0, 0, 0, 0, 0, '0000-00-00'),
(1712, 1, 142, 4491.6, 0, 0, 0, 0, 0, 0, 0, 0, 0, 0, 0, 0, 0, 0, 0, 0, '0000-00-00'),
(1713, 1, 142, 0, 0, 0, 0, 0, 0, 0, 0, 0, 0, 0, 195.06666666666666, 0, 0, 0, 0, 0, '0000-00-00'),
(1714, 1, 142, 4491.6, 0, 0, 0, 0, 0, 0, 0, 0, 0, 0, 0, 0, 0, 0, 0, 0, '0000-00-00'),
(1715, 1, 142, 0, 0, 0, 0, 0, 0, 0, 0, 0, 0, 0, 195.06666666666666, 0, 0, 0, 0, 0, '0000-00-00'),
(1716, 1, 142, 9918.5776, 0, 0, 0, 0, 0, 0, 0, 0, 0, 0, 0, 0, 0, 0, 0, 0, '0000-00-00'),
(1717, 1, 142, 0, 0, 0, 0, 0, 0, 0, 0, 0, 0, 0, 195.06666666666666, 0, 0, 0, 0, 0, '0000-00-00'),
(1718, 1, 142, 9259.8096, 0, 0, 0, 0, 0, 0, 0, 0, 0, 0, 0, 0, 0, 0, 0, 0, '0000-00-00'),
(1719, 1, 142, 0, 0, 0, 0, 0, 0, 0, 0, 0, 0, 0, 195.06666666666666, 0, 0, 0, 0, 0, '0000-00-00'),
(1720, 1, 142, 0, 0, 0, 0, 0, 0, 0, 0, 0, 0, 0, 195.06666666666666, 0, 0, 0, 0, 0, '0000-00-00');

-- --------------------------------------------------------

--
-- Table structure for table `mp_dl_pa`
--

CREATE TABLE `mp_dl_pa` (
  `id` int(11) NOT NULL,
  `id_lcp` int(11) NOT NULL,
  `cutting` int(11) NOT NULL,
  `midle` int(11) NOT NULL,
  `manual` int(11) NOT NULL,
  `twist` int(11) NOT NULL,
  `shield` int(11) NOT NULL,
  `acc` int(11) NOT NULL,
  `bonder` int(11) NOT NULL,
  `raycham` int(11) NOT NULL,
  `joint` int(11) NOT NULL,
  `hv` int(11) NOT NULL,
  `end_strip` int(11) NOT NULL,
  `total` int(11) NOT NULL
) ENGINE=InnoDB DEFAULT CHARSET=latin1;

-- --------------------------------------------------------

--
-- Table structure for table `mp_idl`
--

CREATE TABLE `mp_idl` (
  `id` int(11) NOT NULL,
  `id_lcp` int(11) NOT NULL,
  `tpo` int(11) NOT NULL,
  `material_supply` int(11) NOT NULL,
  `circuit_supply` int(11) NOT NULL,
  `supply_fuse` int(11) NOT NULL,
  `chorobiki` int(11) NOT NULL,
  `pic_repair` int(11) NOT NULL,
  `tanoko_ass` int(11) NOT NULL,
  `tanoko_insp` int(11) NOT NULL,
  `gl_ass` int(11) NOT NULL,
  `gl_insp` int(11) NOT NULL,
  `line_leader` int(11) NOT NULL,
  `total` int(11) NOT NULL
) ENGINE=InnoDB DEFAULT CHARSET=latin1;

--
-- Dumping data for table `mp_idl`
--

INSERT INTO `mp_idl` (`id`, `id_lcp`, `tpo`, `material_supply`, `circuit_supply`, `supply_fuse`, `chorobiki`, `pic_repair`, `tanoko_ass`, `tanoko_insp`, `gl_ass`, `gl_insp`, `line_leader`, `total`) VALUES
(4, 1474, 5, 5, 5, 5, 5, 5, 5, 5, 5, 5, 5, 55),
(5, 1475, 2, 2, 2, 2, 2, 2, 2, 2, 2, 2, 35, 55);

-- --------------------------------------------------------

--
-- Table structure for table `mp_idl_pa`
--

CREATE TABLE `mp_idl_pa` (
  `id` int(11) NOT NULL,
  `id_lcp` int(11) NOT NULL,
  `line_leader` int(11) NOT NULL,
  `group_leader` int(11) NOT NULL,
  `inspector` int(11) NOT NULL,
  `bundling` int(11) NOT NULL,
  `csu` int(11) NOT NULL,
  `tanoko_ass` int(11) NOT NULL,
  `tanoko_insp` int(11) NOT NULL,
  `sao_bonder` int(11) NOT NULL,
  `helper_cuting` int(11) NOT NULL,
  `chorobiki` int(11) NOT NULL,
  `total` int(11) NOT NULL
) ENGINE=InnoDB DEFAULT CHARSET=latin1;

-- --------------------------------------------------------

--
-- Table structure for table `ppc_data`
--

CREATE TABLE `ppc_data` (
  `id` int(11) NOT NULL,
  `id_carline_has_line` int(11) NOT NULL,
  `mhout_shift` int(11) NOT NULL,
  `order_monthly` double NOT NULL,
  `efficiency` double NOT NULL,
  `mp_dl` int(11) NOT NULL,
  `shift_qty` int(11) NOT NULL,
  `capacity` double NOT NULL,
  `working_days` int(11) NOT NULL,
  `ot_hours` float NOT NULL DEFAULT '0',
  `ot_plan` double NOT NULL DEFAULT '0',
  `p_load` double NOT NULL,
  `tanggal` date NOT NULL,
  `balance` double NOT NULL
) ENGINE=InnoDB DEFAULT CHARSET=latin1;

--
-- Dumping data for table `ppc_data`
--

INSERT INTO `ppc_data` (`id`, `id_carline_has_line`, `mhout_shift`, `order_monthly`, `efficiency`, `mp_dl`, `shift_qty`, `capacity`, `working_days`, `ot_hours`, `ot_plan`, `p_load`, `tanggal`, `balance`) VALUES
(1516, 142, 509, 17833.711883177, 120, 106, 2, 19044.384, 19, -0, -1.211, 93.642891695403, '2019-08-01', 1210.6721168233),
(1517, 143, 470, 10914.529629004, 120, 98, 2, 17607.072, 19, -1, -6.693, 61.989464398193, '2019-08-01', 6692.5423709958),
(1518, 144, 265, 4913.9680083333, 98, 34, 2, 4963.218, 19, -0, -49, 99.007700413992, '2019-08-01', 49.249991666667),
(1519, 145, 23, 273.2814, 141, 2, 1, 422.2104, 19, -0, -149, 64.726354443188, '2019-08-01', 148.929),
(1520, 146, 99, 1426.857, 122, 10, 2, 1825.0868, 19, -0, -398, 78.180226825376, '2019-08-01', 398.2298),
(1521, 147, 17, 557.6863, 140, 3, 2, 628.824, 19, -0, -71, 88.687184331387, '2019-08-01', 71.1377),
(1522, 148, 84, 1954.2674833333, 131, 16, 2, 3138.1312, 19, -1, -1.184, 62.274881411374, '2019-08-01', 1183.8637166667),
(1523, 149, 50, 405.59173333333, 126, 5, 1, 943.236, 19, -1, -538, 43.000026857895, '2019-08-01', 537.64426666667),
(1524, 150, 27, 722.8536, 113, 6, 2, 1017.79656, 19, -1, -295, 71.02142298457, '2019-08-01', 294.94296),
(1525, 151, 40, 269.382208, 165, 3, 1, 741.114, 19, -1, -472, 36.348282180609, '2019-08-01', 471.731792),
(1526, 152, 12, 35.31936, 151, 1, 1, 226.74325153773, 19, -1, -191, 15.576807583234, '2019-08-01', 191.42389153773),
(1527, 153, 388, 14842.061470578, 110, 88, 2, 14519.24672, 19, 0, 323, 102.22335742896, '2019-08-01', -322.81475057771),
(1528, 154, 64, 1005.8633394241, 133, 6, 1, 1194.7656, 19, -0, -189, 84.189178147084, '2019-08-01', 188.90226057593),
(1529, 155, 390, 5743.262889509, 122, 40, 1, 7306.336, 19, -0, -1.563, 78.60660787444, '2019-08-01', 1563.073110491),
(1530, 156, 171, 6240.1336466667, 102, 42, 2, 6414.0048, 19, -0, -174, 97.289195147884, '2019-08-01', 173.87115333333),
(1531, 157, 583, 11876.847318751, 116, 118, 2, 20570.221105873, 19, -1, -8.693, 57.738063473512, '2019-08-01', 8693.3737871222),
(1532, 158, 696, 19912.254999057, 108, 154, 2, 24854.643655787, 19, -0, -4.942, 80.114827936472, '2019-08-01', 4942.3886567299),
(1533, 159, 708, 21251.593531503, 112, 154, 2, 25726.287939421, 19, -0, -4.475, 82.606529094075, '2019-08-01', 4474.6944079178),
(1534, 160, 565, 7479.8396627062, 113, 61, 1, 10320.701265207, 19, -0, -2.841, 72.47414173223, '2019-08-01', 2840.8616025008),
(1535, 161, 710, 18727.329316583, 100, 177, 2, 26579.94132, 19, -0, -7.853, 70.456624005005, '2019-08-01', 7852.6120034167),
(1536, 162, 52, 2569.6357116447, 81, 16, 2, 1940.3712, 19, 0, 629, 132.43010984933, '2019-08-01', -629.26451164474),
(1537, 163, 7, 225.92315, 86, 2, 2, 256.0212, 19, -0, -30, 88.243922768896, '2019-08-01', 30.09805),
(1538, 164, 0, 0, 0, 0, 0, 0, 19, 0, 0, 0, '2019-08-01', 0),
(1539, 165, 456, 5032.0159162764, 95, 60, 1, 8534.04, 19, -0, -3.502, 58.964053558179, '2019-08-01', 3502.0240837236),
(1540, 166, 81, 748.667895, 73, 14, 1, 1519.658, 19, -0, -771, 49.265551525409, '2019-08-01', 770.990105),
(1541, 167, 290, 8835.8011775337, 93, 78, 2, 10860.6888, 19, -0, -2.025, 81.355808459715, '2019-08-01', 2024.8876224663),
(1542, 168, 0, 0, 0, 0, 0, 0, 19, 0, 0, 0, '2019-08-01', 0),
(1543, 169, 73, 2689.0127583333, 93, 20, 2, 2786.3832967515, 19, -0, -97, 96.50548657352, '2019-08-01', 97.370538418182),
(1544, 170, 205, 3582.65731395, 135, 19, 1, 3840.318, 19, -0, -258, 93.290641919496, '2019-08-01', 257.66068605005),
(1545, 171, 254, 3997.955488, 122, 26, 1, 4748.5692150624, 19, -0, -751, 84.192844348115, '2019-08-01', 750.6137270624),
(1546, 172, 38, 1285.6783833333, 96, 10, 1, 1433.101125, 19, -0, -147, 89.713025892247, '2019-08-01', 147.42274166667),
(1547, 173, 71, 979.17523714428, 126, 7, 1, 1320.5304, 19, -0, -341, 74.150147330518, '2019-08-01', 341.35516285572),
(1548, 174, 9, 121.27538333333, 118, 1, 1, 176.5030365, 19, -0, -55, 68.710083258728, '2019-08-01', 55.227653166667),
(1549, 175, 428, 15513.857680279, 99, 108, 2, 16008.0624, 19, -0, -494, 96.912776153837, '2019-08-01', 494.20471972145),
(1550, 176, 432, 14941.570167402, 110, 98, 2, 16183.83368, 19, -0, -1.242, 92.324046717476, '2019-08-01', 1242.2635125981),
(1551, 177, 540, 18197.735140399, 150, 90, 2, 20212.2, 19, -0, -2.014, 90.033421104081, '2019-08-01', 2014.464859601),
(1552, 178, 281, 10506.322336667, 110, 64, 2, 10512.129460907, 19, -0, -6, 99.944757869834, '2019-08-01', 5.8071242400001),
(1553, 179, 162, 4891.7438264638, 101, 20, 1, 3027.3384, 19, 0, 1.864, 161.58563001955, '2019-08-01', -1864.4054264638),
(1554, 180, 432, 13066.710631635, 115, 94, 2, 16184.732, 19, -0, -3.118, 80.734797657665, '2019-08-01', 3118.0213683647),
(1555, 181, 0, 0, 0, 0, 0, 0, 19, 0, 0, 0, '2019-08-01', 0),
(1556, 182, 300, 10450.569909328, 139, 54, 2, 11237.9832, 19, -0, -787, 92.99328645845, '2019-08-01', 787.41329067155),
(1557, 183, 175, 3628.6986503232, 137, 32, 2, 6563.7248, 19, -1, -2.935, 55.284137603136, '2019-08-01', 2935.0261496768),
(1558, 184, 256, 7982.3275033333, 86, 74, 2, 9583.402147376, 19, -0, -1.601, 83.293254113509, '2019-08-01', 1601.0746440427),
(1559, 185, 609, 21498.876341805, 106, 136, 2, 21539.211599136, 19, -0, -40, 99.812735683732, '2019-08-01', 40.33525733072),
(1560, 186, 0, 0, 0, 0, 0, 0, 19, 0, 0, 0, '2019-08-01', 0),
(1561, 187, 581, 11544.881555593, 102, 132, 2, 20114.197599936, 19, -1, -8.569, 57.39667962509, '2019-08-01', 8569.3160443431),
(1562, 188, 166, 5572.0128666667, 68, 61, 2, 6213.3841139108, 19, -0, -641, 89.677585748993, '2019-08-01', 641.37124724415),
(1563, 189, 529, 28543.738673469, 105, 118, 2, 24318.206252667, 19, 0, 4.226, 117.37600371055, '2019-08-01', -4225.5324208027),
(1564, 190, 425, 7602.262893236, 87, 61, 1, 10511.642427, 19, -0, -2.909, 72.322312578946, '2019-08-01', 2909.379533764),
(1565, 191, 533, 16640.406481291, 111, 120, 2, 26240.4, 19, -1, -9.6, 63.415216541254, '2019-08-01', 9599.9935187089),
(1566, 192, 270, 13224.625786667, 95, 71, 2, 13287.65, 19, -0, -63, 99.525693306692, '2019-08-01', 63.024213333334),
(1567, 193, 469, 17480.857082477, 91, 126, 2, 17086.35227796, 19, 0, 395, 102.30888839291, '2019-08-01', -394.5048045169),
(1568, 194, 0, 0, 0, 0, 0, 0, 19, 0, 0, 0, '2019-08-01', 0),
(1569, 142, 509, 16142.491888, 120, 106, 2, 20046.72, 20, -0, -3.904, 80.524354547776, '2019-09-01', 3904.228112),
(1570, 143, 470, 14425.591743, 120, 98, 2, 18533.76, 20, -0, -4.108, 77.834134805889, '2019-09-01', 4108.168257),
(1571, 144, 328, 5333.69726, 98, 42, 2, 6466.9584, 20, -0, -1.133, 82.4761337571, '2019-09-01', 1133.26114),
(1572, 145, 23, 322.45885, 141, 2, 1, 444.432, 20, -0, -122, 72.555272797638, '2019-09-01', 121.97315),
(1573, 146, 97, 1225.6629333333, 115, 10, 2, 1816.2608941155, 20, -1, -591, 67.482757422372, '2019-09-01', 590.59796078212),
(1574, 147, 15, 653.71159166667, 123, 3, 2, 582.64676921678, 20, 0, 71, 112.19689633659, '2019-09-01', -71.06482244989),
(1575, 148, 85, 2363.61155, 133, 16, 2, 3352.9615645922, 20, -1, -989, 70.493249160984, '2019-09-01', 989.35001459221),
(1576, 149, 49, 908.71226833333, 123, 5, 1, 972.73498534732, 20, -0, -64, 93.41827753927, '2019-09-01', 64.022717013984),
(1577, 150, 27, 706.35576166667, 113, 6, 2, 1072.3838989091, 20, -1, -366, 65.867807450786, '2019-09-01', 366.02813724242),
(1578, 151, 40, 232.136196, 165, 3, 1, 780.12, 20, -1, -548, 29.756472850331, '2019-09-01', 547.983804),
(1579, 152, 12, 30.54288, 152, 1, 1, 239.03819176364, 20, -1, -208, 12.777405892612, '2019-09-01', 208.49531176364),
(1580, 153, 393, 13101.247668762, 112, 88, 2, 15471.285776896, 20, -0, -2.37, 84.681052743058, '2019-09-01', 2370.0381081335),
(1581, 154, 64, 1066.0079116822, 133, 6, 1, 1257.648, 20, -0, -192, 84.762024961058, '2019-09-01', 191.64008831776),
(1582, 155, 390, 7755.328338, 122, 40, 1, 7690.88, 20, 0, 64, 100.83798392382, '2019-09-01', -64.448337999999),
(1583, 156, 150, 6324.1116483333, 104, 36, 2, 5900.544, 20, 0, 424, 107.17845080612, '2019-09-01', -423.56764833333),
(1584, 157, 583, 15651.638782099, 114, 118, 2, 21219.807035532, 20, -1, -5.568, 73.759571686446, '2019-09-01', 5568.1682534333),
(1585, 158, 696, 27231.55637025, 107, 154, 2, 25901.154967609, 20, 0, 1.33, 105.13645590054, '2019-09-01', -1330.4014026413),
(1586, 159, 714, 28340.738285025, 110, 154, 2, 26809.500063186, 20, 0, 1.531, 105.71155082426, '2019-09-01', -1531.2382218393),
(1587, 160, 565, 10497.004730833, 112, 61, 1, 10755.257107953, 20, -0, -258, 97.598826559634, '2019-09-01', 258.25237711921),
(1588, 161, 779, 28778.918115667, 99, 196, 2, 30673.3728, 20, -0, -1.894, 93.823780982008, '2019-09-01', 1894.4546843333),
(1589, 162, 52, 2732.2493430006, 81, 16, 2, 2042.496, 20, 0, 690, 133.77011964776, '2019-09-01', -689.75334300064),
(1590, 163, 7, 243.74912, 86, 2, 2, 269.8112, 20, -0, -26, 90.34062336923, '2019-09-01', 26.06208),
(1591, 164, 0, 0, 0, 0, 0, 0, 20, 0, 0, 0, '2019-09-01', 0),
(1592, 165, 456, 4883.7082498152, 95, 60, 1, 8534.04, 20, -0, -3.65, 57.226217006426, '2019-09-01', 3650.3317501848),
(1593, 166, 87, 733.47624666667, 78, 14, 1, 1629.1695000984, 20, -0, -896, 45.021481596749, '2019-09-01', 895.69325343178),
(1594, 167, 290, 8135.8589855738, 93, 78, 2, 11432.304, 20, -0, -3.296, 71.165523463807, '2019-09-01', 3296.4450144262),
(1595, 168, 0, 0, 0, 0, 0, 0, 20, 0, 0, 0, '2019-09-01', 0),
(1596, 169, 74, 2484.8158333333, 94, 20, 2, 2948.9466317576, 20, -0, -464, 84.261132655778, '2019-09-01', 464.13079842424),
(1597, 170, 205, 1378.2589528333, 135, 19, 1, 4042.44, 20, -1, -2.664, 34.094728748808, '2019-09-01', 2664.1810471667),
(1598, 171, 254, 2001.538186, 122, 26, 1, 5003.174148336, 20, -1, -3.002, 40.005367126101, '2019-09-01', 3001.635962336),
(1599, 172, 38, 610.16350166667, 96, 10, 1, 1508.5275, 20, -0, -898, 40.447622046444, '2019-09-01', 898.36399833333),
(1600, 173, 71, 998.6014306715, 127, 7, 1, 1395.548, 20, -0, -397, 71.556222406646, '2019-09-01', 396.9465693285),
(1601, 174, 9, 121.27538333333, 118, 1, 1, 186.53584068, 20, -0, -65, 65.014521011745, '2019-09-01', 65.260457346667),
(1602, 175, 426, 17237.280266667, 99, 108, 2, 16765.488, 20, 0, 472, 102.81406820169, '2019-09-01', -471.79226666667),
(1603, 176, 422, 16645.415141333, 108, 98, 2, 16642.274938851, 20, 0, 3, 100.0188688295, '2019-09-01', -3.1402024824274),
(1604, 177, 507, 17999.27230387, 141, 90, 2, 19964.83084474, 20, -0, -1.966, 90.154895094504, '2019-09-01', 1965.5585408694),
(1605, 178, 282, 12019.983355, 110, 64, 2, 11094.417088388, 20, 0, 926, 108.34263088577, '2019-09-01', -925.56626661212),
(1606, 179, 160, 4094.4275542371, 101, 20, 1, 3186.672, 20, 0, 908, 128.48600528191, '2019-09-01', -907.75555423707),
(1607, 180, 432, 18164.819184424, 115, 94, 2, 17036.56, 20, 0, 1.128, 106.62257629723, '2019-09-01', -1128.2591844238),
(1608, 181, 0, 0, 0, 0, 0, 0, 20, 0, 0, 0, '2019-09-01', 0),
(1609, 182, 267, 9593.6047006667, 139, 48, 2, 10515.072, 20, -0, -921, 91.236700049859, '2019-09-01', 921.46729933333),
(1610, 183, 129, 4647.797214, 134, 24, 2, 5081.890270464, 20, -0, -434, 91.458039560851, '2019-09-01', 434.093056464),
(1611, 184, 229, 8701.16293, 87, 66, 2, 9005.31796224, 20, -0, -304, 96.622495357573, '2019-09-01', 304.15503224),
(1612, 185, 609, 20081.6578, 106, 136, 2, 22741.186533912, 20, -0, -2.66, 88.305233194644, '2019-09-01', 2659.528733912),
(1613, 186, 0, 0, 0, 0, 0, 0, 20, 0, 0, 0, '2019-09-01', 0),
(1614, 187, 466, 14176.222466667, 102, 106, 2, 17002.43178304, 20, -0, -2.826, 83.377617081855, '2019-09-01', 2826.2093163733),
(1615, 188, 167, 5372.8910666667, 68, 61, 2, 6569.6797923387, 20, -0, -1.197, 81.783149810928, '2019-09-01', 1196.7887256721),
(1616, 189, 496, 19673.638445272, 105, 118, 2, 18515.107385244, 20, 0, 1.159, 106.25722031162, '2019-09-01', -1158.5310600282),
(1617, 190, 496, 3634.7734070909, 88, 41, 1, 5382.0701804, 20, -0, -1.747, 67.534857132256, '2019-09-01', 1747.2967733091),
(1618, 191, 453, 10323.674944913, 111, 102, 2, 16951.2984, 20, -1, -6.628, 60.901971644327, '2019-09-01', 6627.6234550868),
(1619, 192, 193, 8416.3525216667, 68, 71, 2, 7231.9716735683, 20, 0, 1.184, 116.37701171351, '2019-09-01', -1184.3808480983),
(1620, 193, 469, 20845.50464, 89, 126, 2, 17724.580357428, 20, 0, 3.121, 117.60788813973, '2019-09-01', -3120.924282572),
(1621, 194, 0, 0, 0, 0, 0, 0, 20, 0, 0, 0, '2019-09-01', 0),
(1622, 142, 509, 18502.828239, 120, 106, 2, 25058.4, 25, -1, -6.556, 73.838825459726, '2019-10-01', 6555.571761),
(1623, 143, 470, 21839.46819506, 120, 98, 2, 23167.2, 25, -0, -1.328, 94.268915514432, '2019-10-01', 1327.7318049404),
(1624, 144, 329, 6812.0726766667, 98, 42, 2, 8100.246, 25, -0, -1.288, 84.097108614561, '2019-10-01', 1288.1733233333),
(1625, 145, 23, 322.45885, 141, 2, 1, 555.54, 25, -1, -233, 58.044218238111, '2019-10-01', 233.08115),
(1626, 146, 97, 1189.8096666667, 115, 10, 2, 2270.3261176443, 25, -2, -1.081, 52.406993753884, '2019-10-01', 1080.5164509777),
(1627, 147, 15, 717.0333, 123, 3, 2, 728.30846152097, 25, -0, -11, 98.4518700363, '2019-10-01', 11.275161520971),
(1628, 148, 85, 2799.0830979001, 133, 16, 2, 4199.1928078961, 25, -1, -1.4, 66.657646503794, '2019-10-01', 1400.109709996),
(1629, 149, 49, 1252.79815, 123, 5, 1, 1215.9187316841, 25, 0, 37, 103.03304960725, '2019-10-01', -36.879418315854),
(1630, 150, 27, 770.68646666667, 114, 6, 2, 1341.7750232727, 25, -1, -571, 57.437830731629, '2019-10-01', 571.08855660606),
(1631, 151, 40, 259.378744, 165, 3, 1, 975.15, 25, -2, -716, 26.598855970876, '2019-10-01', 715.771256),
(1632, 152, 12, 34.21032, 152, 1, 1, 299.24909580682, 25, -2, -265, 11.432054592434, '2019-10-01', 265.03877580682),
(1633, 153, 410, 15745.644919997, 116, 88, 2, 20179.093165, 25, -1, -4.433, 78.029497119858, '2019-10-01', 4433.4482450029),
(1634, 154, 64, 1076.45356, 133, 6, 1, 1572.06, 25, -1, -496, 68.474076053077, '2019-10-01', 495.60644),
(1635, 155, 390, 8670.5279043333, 122, 40, 1, 9613.6, 25, -0, -943, 90.190229511664, '2019-10-01', 943.07209566667),
(1636, 156, 153, 7174.7009433333, 107, 36, 2, 7552.98, 25, -0, -378, 94.991658171124, '2019-10-01', 378.27905666666),
(1637, 157, 583, 20535.353583863, 115, 118, 2, 26651.448189469, 25, -1, -6.116, 77.051548710876, '2019-10-01', 6116.0946056066),
(1638, 158, 696, 33279.913871, 107, 154, 2, 32560.130150071, 25, 0, 720, 102.21062912713, '2019-10-01', -719.78372092858),
(1639, 159, 714, 33473.162725667, 111, 154, 2, 33670.320038775, 25, -0, -197, 99.41444776028, '2019-10-01', 197.15731310794),
(1640, 160, 565, 14726.2747, 112, 61, 1, 13494.268943001, 25, 0, 1.232, 109.12984439693, '2019-10-01', -1232.0057569987),
(1641, 161, 786, 35257.140881667, 100, 196, 2, 38727.836, 25, -0, -3.471, 91.038241541992, '2019-10-01', 3470.6951183333),
(1642, 162, 0, 0, 0, 0, 0, 0, 25, 0, 0, 0, '2019-10-01', 0),
(1643, 163, 0, 0, 0, 0, 0, 0, 25, 0, 0, 0, '2019-10-01', 0),
(1644, 164, 0, 0, 0, 0, 0, 0, 25, 0, 0, 0, '2019-10-01', 0),
(1645, 165, 456, 5889.2745391667, 95, 60, 1, 11229, 25, -1, -5.34, 52.447008096595, '2019-10-01', 5339.7254608333),
(1646, 166, 86, 809.61342333333, 77, 14, 1, 2122.6577428, 25, -1, -1.313, 38.141496248254, '2019-10-01', 1313.0443194667),
(1647, 167, 290, 9327.6020383618, 93, 78, 2, 14290.38, 25, -1, -4.963, 65.271896467146, '2019-10-01', 4962.7779616382),
(1648, 168, 0, 0, 0, 0, 0, 0, 25, 0, 0, 0, '2019-10-01', 0),
(1649, 169, 74, 2778.29323, 94, 20, 2, 3706.0727678788, 25, -1, -928, 74.965965430576, '2019-10-01', 927.77953787879),
(1650, 170, 0, 0, 0, 0, 0, 0, 25, 0, 0, 0, '2019-10-01', 0),
(1651, 171, 0, 0, 0, 0, 0, 0, 25, 0, 0, 0, '2019-10-01', 0),
(1652, 172, 0, 0, 0, 0, 0, 0, 25, 0, 0, 0, '2019-10-01', 0),
(1653, 173, 68, 1110.3741032453, 122, 7, 1, 1676.9387418, 25, -1, -567, 66.214350922173, '2019-10-01', 566.56463855468),
(1654, 174, 10, 130.88112666667, 119, 1, 1, 234.0987642, 25, -1, -103, 55.908508152076, '2019-10-01', 103.21763753333),
(1655, 175, 393, 21419.182596667, 91, 108, 2, 19379.296128151, 25, 0, 2.04, 110.5261122748, '2019-10-01', -2039.8864685157),
(1656, 176, 423, 20859.076009333, 108, 98, 2, 20841.763867527, 25, 0, 17, 100.08306466725, '2019-10-01', -17.312141806058),
(1657, 177, 476, 24100.046612, 132, 90, 2, 23466.236310102, 25, 0, 634, 102.70094570566, '2019-10-01', -633.81030189785),
(1658, 178, 282, 14918.437785, 110, 64, 2, 13904.293430303, 25, 0, 1.014, 107.29374965927, '2019-10-01', -1014.144354697),
(1659, 179, 224, 3881.261192, 101, 28, 1, 5576.676, 25, -0, -1.695, 69.598111706687, '2019-10-01', 1695.414808),
(1660, 180, 432, 17614.40276, 115, 94, 2, 21295.7, 25, -1, -3.681, 82.713424588062, '2019-10-01', 3681.29724),
(1661, 181, 0, 0, 0, 0, 0, 0, 25, 0, 0, 0, '2019-10-01', 0),
(1662, 182, 267, 13428.370329333, 139, 48, 2, 13143.84, 25, 0, 285, 102.1647427946, '2019-10-01', -284.53032933333),
(1663, 183, 129, 5861.131368, 134, 24, 2, 6352.36283808, 25, -0, -491, 92.266948809422, '2019-10-01', 491.23147008),
(1664, 184, 229, 10062.44253, 87, 66, 2, 11266.7703372, 25, -0, -1.204, 89.310798293069, '2019-10-01', 1204.3278072),
(1665, 185, 609, 25796.94868, 106, 136, 2, 28473.002597013, 25, -0, -2.676, 90.601434085164, '2019-10-01', 2676.0539170133),
(1666, 186, 0, 0, 0, 0, 0, 0, 25, 0, 0, 0, '2019-10-01', 0),
(1667, 187, 466, 20196.586093333, 102, 106, 2, 21345.635167791, 25, -0, -1.149, 94.616936598863, '2019-10-01', 1149.0490744576),
(1668, 188, 167, 6522.6055733333, 69, 61, 2, 8248.6940678063, 25, -0, -1.726, 79.074402805049, '2019-10-01', 1726.088494473),
(1669, 189, 496, 23264.0012, 105, 118, 2, 19551.837827144, 25, 0, 3.712, 118.98626311079, '2019-10-01', -3712.163372856),
(1670, 190, 285, 4124.40746, 88, 41, 1, 5714.9983594053, 25, -0, -1.591, 72.168130253483, '2019-10-01', 1590.5908994053),
(1671, 191, 453, 14359.669979152, 111, 102, 2, 17843.472, 25, -0, -3.484, 80.475761551071, '2019-10-01', 3483.8020208479),
(1672, 192, 194, 10419.69672, 68, 71, 2, 7646.6764796074, 25, 1, 2.773, 136.26438555087, '2019-10-01', -2773.0202403926),
(1673, 193, 469, 25303.630053333, 89, 126, 2, 22155.725446785, 25, 0, 3.148, 114.20808636625, '2019-10-01', -3147.9046065483),
(1674, 194, 0, 0, 0, 0, 0, 0, 25, 0, 0, 0, '2019-10-01', 0);

-- --------------------------------------------------------

--
-- Table structure for table `shift`
--

CREATE TABLE `shift` (
  `id` int(11) NOT NULL,
  `keterangan` varchar(100) NOT NULL
) ENGINE=InnoDB DEFAULT CHARSET=latin1;

--
-- Dumping data for table `shift`
--

INSERT INTO `shift` (`id`, `keterangan`) VALUES
(1, 'A'),
(2, 'B');

-- --------------------------------------------------------

--
-- Table structure for table `user`
--

CREATE TABLE `user` (
  `id` int(11) NOT NULL,
  `nik` int(11) NOT NULL,
  `nama` varchar(100) NOT NULL,
  `username` varchar(100) NOT NULL,
  `password` varchar(100) NOT NULL,
  `level` int(11) NOT NULL
) ENGINE=InnoDB DEFAULT CHARSET=latin1;

-- --------------------------------------------------------

--
-- Table structure for table `user_has_line`
--

CREATE TABLE `user_has_line` (
  `id` int(11) NOT NULL,
  `id_user` int(11) NOT NULL,
  `id_list_carline` int(11) NOT NULL
) ENGINE=InnoDB DEFAULT CHARSET=latin1;

--
-- Indexes for dumped tables
--

--
-- Indexes for table `carline`
--
ALTER TABLE `carline`
  ADD PRIMARY KEY (`id`),
  ADD KEY `id_district` (`id_district`);

--
-- Indexes for table `carline_has_line`
--
ALTER TABLE `carline_has_line`
  ADD PRIMARY KEY (`id`),
  ADD KEY `id_carline` (`id_carline`),
  ADD KEY `id_line` (`id_line`);

--
-- Indexes for table `district`
--
ALTER TABLE `district`
  ADD PRIMARY KEY (`id`);

--
-- Indexes for table `komposisi_mp`
--
ALTER TABLE `komposisi_mp`
  ADD PRIMARY KEY (`id`),
  ADD KEY `fk_idlcp` (`id_lcp`);

--
-- Indexes for table `line`
--
ALTER TABLE `line`
  ADD PRIMARY KEY (`id`);

--
-- Indexes for table `main_lcp`
--
ALTER TABLE `main_lcp`
  ADD PRIMARY KEY (`id`),
  ADD KEY `id_shift` (`id_shift`),
  ADD KEY `id_carline_has_line` (`id_carline_has_line`);

--
-- Indexes for table `mp_dl_pa`
--
ALTER TABLE `mp_dl_pa`
  ADD PRIMARY KEY (`id`),
  ADD KEY `id_lcp` (`id_lcp`);

--
-- Indexes for table `mp_idl`
--
ALTER TABLE `mp_idl`
  ADD PRIMARY KEY (`id`),
  ADD KEY `id_lcp` (`id_lcp`);

--
-- Indexes for table `mp_idl_pa`
--
ALTER TABLE `mp_idl_pa`
  ADD PRIMARY KEY (`id`),
  ADD KEY `id_lcp` (`id_lcp`);

--
-- Indexes for table `ppc_data`
--
ALTER TABLE `ppc_data`
  ADD PRIMARY KEY (`id`),
  ADD KEY `id_carline_has_line` (`id_carline_has_line`);

--
-- Indexes for table `shift`
--
ALTER TABLE `shift`
  ADD PRIMARY KEY (`id`);

--
-- Indexes for table `user`
--
ALTER TABLE `user`
  ADD PRIMARY KEY (`id`);

--
-- Indexes for table `user_has_line`
--
ALTER TABLE `user_has_line`
  ADD PRIMARY KEY (`id`),
  ADD KEY `id_user` (`id_user`),
  ADD KEY `id_list_carline` (`id_list_carline`);

--
-- AUTO_INCREMENT for dumped tables
--

--
-- AUTO_INCREMENT for table `carline`
--
ALTER TABLE `carline`
  MODIFY `id` int(11) NOT NULL AUTO_INCREMENT, AUTO_INCREMENT=47;
--
-- AUTO_INCREMENT for table `carline_has_line`
--
ALTER TABLE `carline_has_line`
  MODIFY `id` int(11) NOT NULL AUTO_INCREMENT, AUTO_INCREMENT=195;
--
-- AUTO_INCREMENT for table `district`
--
ALTER TABLE `district`
  MODIFY `id` int(11) NOT NULL AUTO_INCREMENT, AUTO_INCREMENT=3;
--
-- AUTO_INCREMENT for table `komposisi_mp`
--
ALTER TABLE `komposisi_mp`
  MODIFY `id` int(11) NOT NULL AUTO_INCREMENT, AUTO_INCREMENT=23;
--
-- AUTO_INCREMENT for table `line`
--
ALTER TABLE `line`
  MODIFY `id` int(11) NOT NULL AUTO_INCREMENT, AUTO_INCREMENT=42;
--
-- AUTO_INCREMENT for table `main_lcp`
--
ALTER TABLE `main_lcp`
  MODIFY `id` int(11) NOT NULL AUTO_INCREMENT, AUTO_INCREMENT=1721;
--
-- AUTO_INCREMENT for table `mp_dl_pa`
--
ALTER TABLE `mp_dl_pa`
  MODIFY `id` int(11) NOT NULL AUTO_INCREMENT, AUTO_INCREMENT=3;
--
-- AUTO_INCREMENT for table `mp_idl`
--
ALTER TABLE `mp_idl`
  MODIFY `id` int(11) NOT NULL AUTO_INCREMENT, AUTO_INCREMENT=6;
--
-- AUTO_INCREMENT for table `mp_idl_pa`
--
ALTER TABLE `mp_idl_pa`
  MODIFY `id` int(11) NOT NULL AUTO_INCREMENT, AUTO_INCREMENT=3;
--
-- AUTO_INCREMENT for table `ppc_data`
--
ALTER TABLE `ppc_data`
  MODIFY `id` int(11) NOT NULL AUTO_INCREMENT, AUTO_INCREMENT=1675;
--
-- AUTO_INCREMENT for table `shift`
--
ALTER TABLE `shift`
  MODIFY `id` int(11) NOT NULL AUTO_INCREMENT, AUTO_INCREMENT=3;
--
-- AUTO_INCREMENT for table `user`
--
ALTER TABLE `user`
  MODIFY `id` int(11) NOT NULL AUTO_INCREMENT;
--
-- AUTO_INCREMENT for table `user_has_line`
--
ALTER TABLE `user_has_line`
  MODIFY `id` int(11) NOT NULL AUTO_INCREMENT;
--
-- Constraints for dumped tables
--

--
-- Constraints for table `carline`
--
ALTER TABLE `carline`
  ADD CONSTRAINT `fk_id_district` FOREIGN KEY (`id_district`) REFERENCES `district` (`id`) ON DELETE CASCADE ON UPDATE CASCADE;

--
-- Constraints for table `carline_has_line`
--
ALTER TABLE `carline_has_line`
  ADD CONSTRAINT `fk_id_carline` FOREIGN KEY (`id_carline`) REFERENCES `carline` (`id`) ON DELETE CASCADE ON UPDATE CASCADE,
  ADD CONSTRAINT `fk_id_line` FOREIGN KEY (`id_line`) REFERENCES `line` (`id`) ON DELETE CASCADE ON UPDATE CASCADE;

--
-- Constraints for table `komposisi_mp`
--
ALTER TABLE `komposisi_mp`
  ADD CONSTRAINT `fk_idlcp` FOREIGN KEY (`id_lcp`) REFERENCES `main_lcp` (`id`) ON DELETE CASCADE ON UPDATE CASCADE;

--
-- Constraints for table `main_lcp`
--
ALTER TABLE `main_lcp`
  ADD CONSTRAINT `fk_id_carline_has_line` FOREIGN KEY (`id_carline_has_line`) REFERENCES `carline_has_line` (`id`) ON DELETE CASCADE ON UPDATE CASCADE,
  ADD CONSTRAINT `fk_id_shift` FOREIGN KEY (`id_shift`) REFERENCES `shift` (`id`) ON DELETE CASCADE ON UPDATE CASCADE;

--
-- Constraints for table `mp_dl_pa`
--
ALTER TABLE `mp_dl_pa`
  ADD CONSTRAINT `fk_id_lcp_3` FOREIGN KEY (`id_lcp`) REFERENCES `main_lcp` (`id`) ON DELETE CASCADE ON UPDATE CASCADE;

--
-- Constraints for table `mp_idl`
--
ALTER TABLE `mp_idl`
  ADD CONSTRAINT `fk_id_lcp_2` FOREIGN KEY (`id_lcp`) REFERENCES `main_lcp` (`id`) ON DELETE CASCADE ON UPDATE CASCADE;

--
-- Constraints for table `mp_idl_pa`
--
ALTER TABLE `mp_idl_pa`
  ADD CONSTRAINT `fk_id_lcp4` FOREIGN KEY (`id_lcp`) REFERENCES `main_lcp` (`id`) ON DELETE CASCADE ON UPDATE CASCADE;

--
-- Constraints for table `ppc_data`
--
ALTER TABLE `ppc_data`
  ADD CONSTRAINT `fk_id_carline_hs_line` FOREIGN KEY (`id_carline_has_line`) REFERENCES `carline_has_line` (`id`) ON DELETE CASCADE ON UPDATE CASCADE;

--
-- Constraints for table `user_has_line`
--
ALTER TABLE `user_has_line`
  ADD CONSTRAINT `fk_id_listcarline` FOREIGN KEY (`id_list_carline`) REFERENCES `carline_has_line` (`id`) ON DELETE CASCADE ON UPDATE CASCADE,
  ADD CONSTRAINT `fk_id_user` FOREIGN KEY (`id_user`) REFERENCES `user` (`id`) ON DELETE CASCADE ON UPDATE CASCADE;

/*!40101 SET CHARACTER_SET_CLIENT=@OLD_CHARACTER_SET_CLIENT */;
/*!40101 SET CHARACTER_SET_RESULTS=@OLD_CHARACTER_SET_RESULTS */;
/*!40101 SET COLLATION_CONNECTION=@OLD_COLLATION_CONNECTION */;
